{
  "cross_lingual_similarity": {
    "vigesimal_90s": {
      "mean": 0.4682939052581787,
      "std": 0.017628706991672516
    },
    "units": {
      "mean": 0.692711353302002,
      "std": 0.11526894569396973
    },
    "teens": {
      "mean": 0.5062570571899414,
      "std": 0.10877186059951782
    },
    "vigesimal_70s": {
      "mean": 0.500119686126709,
      "std": 0.03542405739426613
    },
    "vigesimal_80s": {
      "mean": 0.46687453985214233,
      "std": 0.020229792222380638
    },
    "decimal_tens": {
      "mean": 0.520251989364624,
      "std": 0.062421832233667374
    }
  },
  "fr_decade_cohesion": {
    "0": 0.6927759647369385,
    "1": 0.6697763800621033,
    "2": 0.9305924773216248,
    "3": 0.8921745419502258,
    "4": 0.9237501621246338,
    "5": 0.9401592016220093,
    "6": 0.9440056681632996,
    "7": 0.9491993188858032,
    "8": 0.9754117727279663,
    "9": 0.9756733775138855
  },
  "en_decade_cohesion": {
    "0": 0.8700332045555115,
    "1": 0.8842917084693909,
    "2": 0.9570604562759399,
    "3": 0.9567644000053406,
    "4": 0.9582169055938721,
    "5": 0.9569160342216492,
    "6": 0.9567722082138062,
    "7": 0.9598877429962158,
    "8": 0.9744545221328735,
    "9": 0.9703851938247681
  },
  "french_70s_proximity": {
    "to_60s": 0.9358146786689758,
    "to_80s": 0.8251080513000488
  },
  "english_70s_proximity": {
    "to_60s": 0.9129889011383057,
    "to_80s": 0.9032437205314636
  },
  "consecutive_similarity": {
    "french_vigesimal_mean": 0.9615915417671204,
    "french_decimal_mean": 0.9050277471542358,
    "english_vigesimal_mean": 0.9564998149871826,
    "english_decimal_mean": 0.9464102387428284,
    "mann_whitney_p": 4.735275638267922e-08
  }
}